,0,1,2,accuracy,macro avg,weighted avg
precision,1.0,0.9974554707379135,1.0,0.999,0.9991518235793045,0.9990025445292621
recall,1.0,1.0,0.9951690821256038,0.999,0.998389694041868,0.999
f1-score,1.0,0.9987261146496815,0.9975786924939467,0.999,0.9987682690478761,0.9989994262889221
support,401.0,392.0,207.0,0.999,1000.0,1000.0
