,0,1,2,accuracy,macro avg,weighted avg
precision,0.9975124378109452,0.9974489795918368,1.0,0.998,0.998320472467594,0.9980024875621891
recall,1.0,0.9974489795918368,0.9951690821256038,0.998,0.9975393539058136,0.998
f1-score,0.9987546699875467,0.9974489795918368,0.9975786924939467,0.998,0.9979274473577767,0.9979994120112532
support,401.0,392.0,207.0,0.998,1000.0,1000.0
