,0,1,2,accuracy,macro avg,weighted avg
precision,0.8064516129032258,0.8184438040345822,0.8767123287671232,0.826,0.8338692485683104,0.8256965200105443
recall,0.8728179551122195,0.7244897959183674,0.927536231884058,0.826,0.8416146609715484,0.826
f1-score,0.8383233532934131,0.7686062246278755,0.9014084507042254,0.826,0.8361126762085047,0.8240528540205605
support,401.0,392.0,207.0,0.826,1000.0,1000.0
